{

"#8868_D48   _ArcSoft_DMR_SDK_V1.0.0.48_20160624":
"#8868_Dtimes_ArcSoft_DMR_SDK_Vversion _date"
,

"times":
"88"
,

"version":
"1.2.0.88"
,

"date":
"date +%Y%m%d"
,

"ArcSoft_DMR_SDK_for_Hitachi_Maxell_API_Reference_v1.0.23     .doc":
"ArcSoft_DMR_SDK_for_Hitachi_Maxell_API_Reference_vAPI_version.doc"
,

"API_version":
"1.0.35"
,

"ArcSoft_DMR_SDK_for_Hitachi_Maxell_Developer_Guide_v1.0.12       .doc":
"ArcSoft_DMR_SDK_for_Hitachi_Maxell_Developer_Guide_vGuide_version.doc"
,

"Guide_version":
"1.0.12"

}
