<?xml version="1.0" encoding="UTF-8" standalone="no"?>
<!-- WARNING: Eclipse auto-generated file.
              Any modifications will be overwritten.
              To include a user specific buildfile here, simply create one in the same
              directory with the processing instruction <?eclipse.ant.import?>
              as the first entry and export the buildfile again. -->
<project basedir="../../java/VEMediaCodecMV/java" default="jar" name="powermobia_mediacodec">

	<condition property="isWindows">
		<os family="windows" />
	</condition>

	<condition property="isUnix">
		<os family="unix" />
	</condition>

	<condition property="isMac">
		<os family="mac" />
	</condition>

	<path id="android ref classpath">
		<pathelement location="/mnt/500G/public/SDK/android-5.0.0_r1/prebuilts/sdk/21/android.jar" />
	</path>

	<target name="windows_os" if="isWindows">
		<echo>======current os is windows===</echo>
		<property name="javacpath" value="javac" />
	</target>

	<target name="unix_os" if="isUnix">
		<echo>======current os is unix===</echo>
		<property name="javacpath" value="/usr/lib/jvm/java/jdk1.6.0_35/bin/javac" />
	</target>

	<target name="mac_os" if="isMac">
		<echo>======current os is mac===</echo>
		<property name="javacpath" value="javac" />
	</target>

	<target name="os" depends="windows_os,unix_os,mac_os" />

	<target name="clean">
		<delete dir="bin" />
	</target>

	<target name="dirs">
		<mkdir dir="bin" />
	</target>

	<target name="compile" depends="clean,dirs,os">
		<javac executable="${javacpath}" fork="true" debug="false" includeantruntime="true" extdirs="" srcdir="${basedir}/src" destdir="${basedir}/bin/">
			<classpath refid="android ref classpath" />
		</javac>
	</target>

	<target name="jar" depends="compile">
		<jar destfile="${basedir}/../../../adk/lib/android/arm/${ant.project.name}.jar" basedir="${basedir}/bin/" />
		<delete dir="bin" />
	</target>

</project>