<?xml version="1.0" encoding="UTF-8" standalone="no"?>
<!-- WARNING: Eclipse auto-generated file.
              Any modifications will be overwritten.
              To include a user specific buildfile here, simply create one in the same
              directory with the processing instruction <?eclipse.ant.import?>
              as the first entry and export the buildfile again. -->
<project basedir="../../java/VideoEditorEngineV4/java" default="jar" name="powermobia_veenginev4">

	<condition property="isWindows">
		<os family="windows" />
	</condition>

	<condition property="isUnix">
		<os family="unix" />
	</condition>

	<condition property="isMac">
		<os family="mac" />
	</condition>
	<target name="windows_os" if="isWindows">
		<echo>======current os is windows===</echo>
		<property name="Javacpath" value="javac" />
	</target>

	<target name="unix_os" if="isUnix">
		<echo>======current os is unix===</echo>
		<property name="Javacpath" value="/usr/lib/jvm/java/jdk1.6.0_35/bin/javac" />
	</target>

	<target name="mac_os" if="isMac">
		<echo>======current os is mac===</echo>
		<property name="Javacpath" value="javac" />
	</target>

	<target name="os" depends="windows_os,unix_os,mac_os" />

	<!-- Manual:  
			this file(build.xml) can be used to either Windows or Linux, as you wish.
		        Generation:
			the defualt target is "debug", so if you type the "ant" in commandline , it will result the same
			as "ant debug", and the steps will be :clean -> dirs -> resource-src -> compile -> dex ->package-res-and-assets -> debug
			for details, see the dependencies among the target!
                         
			Now it's scripted in the linux template, actually ,it's mainly the same with the situation in windows,
			the only defference is ,the "TOOLS_DX", "TOOLS_AAPT","TOOLS_APKBUILDER",
			in Android android-sdk-linux, the corresponding tools are  "dx" "aapt" "apkbuilder"
			while in android-sdk-linux, the corresponding tools are "dx.bat" "aapt.exe" "apkbuilder.bat".

			if you wanna adapt the file to your java project ,the only thing you need to do is to change 
		        the following 6 properties,	
				
			<property name="Adbase" ........................./>       the Android SDK path
			<property name="Androidjar" ...................../>       the path of android.jar
			<property name="Javacpath" ...................../>	      the path of javac compiler	
			<property name="TOOLS_DX" ....................../>        the path of dx tools
			<property name="TOOLS_AAPT ....................../>	      the path of aapt tools
			<property name="TOOLS_APKBUILDER ................./>	    the path of apkbuilder tools  -->

	<!--property name="Javacpath"  value="/usr/lib/jvm/java/jdk1.6.0_35/bin/javac" /-->
	<!--property name="Javacpath"  value="C:/Program Files/Java/jdk1.6.0_24/bin/javac" /-->

	<path id="VEUtils ref classpath">
		<pathelement location="bin/veutils" />
	</path>
	<path id="VEPlatform ref classpath">
		<pathelement location="bin/platform" />
	</path>
	<path id="Android ref classpath">
		<pathelement location="/mnt/500G/public/SDK/android-5.0.0_r1/prebuilts/sdk/21/android.jar" />
	</path>

	<target name="clean">
		<delete dir="bin" />
		<delete dir="doc" />
	</target>

	<target name="dirs">
		<echo>===By East===Creating output directories if needed...</echo>
		<mkdir dir="bin" />
		<mkdir dir="bin/veenginev4" />
		<mkdir dir="bin/veutils" />
		<mkdir dir="bin/platform" />
		<!--mkdir dir="bin/facedetector" /-->
		<mkdir dir="doc" />
	</target>

	<target name="compile" depends="os,clean,dirs">
		<echo>===By East===Compiling the java code via ${Javacpath}...</echo>
		<javac executable="${Javacpath}" fork="true" debug="true" extdirs="" includeantruntime="on" srcdir="${basedir}/src/powermobia/veutils" destdir="${basedir}/bin/veutils">
		</javac>
		<javac executable="${Javacpath}" fork="true" debug="true" extdirs="" includeantruntime="on" srcdir="${basedir}/src/powermobia/platform" destdir="${basedir}/bin/platform">
			<classpath refid="VEUtils ref classpath" />
			<classpath refid="Android ref classpath" />
		</javac>
		<javac executable="${Javacpath}" fork="true" debug="true" extdirs="" includeantruntime="on" srcdir="${basedir}/src/powermobia/veenginev4" destdir="${basedir}/bin/veenginev4">
			<classpath refid="VEPlatform ref classpath" />
			<classpath refid="VEUtils ref classpath" />
		</javac>
		<!--javac executable="${Javacpath}" fork="true" debug="true" extdirs="" includeantruntime="on" srcdir="${basedir}/src/powermobia/facedetector" destdir="${basedir}/bin/facedetector">
			<classpath refid="VEUtils ref classpath" />
		</javac-->
	</target>

	<target name="jar" depends="compile, javadoc">
		<jar destfile="${basedir}/../../../adk/lib/android/arm/${ant.project.name}.jar" basedir="${basedir}/bin/veenginev4" />
		<jar destfile="${basedir}/../../../adk/lib/android/arm/powermobia_veutils.jar" basedir="${basedir}/bin/veutils" />
		<jar destfile="${basedir}/../../../adk/lib/android/arm/powermobia_platform.jar" basedir="${basedir}/bin/platform" />
		<!-- <jar destfile="${basedir}/bin/powermobia_facedetector.jar" basedir="${basedir}/bin/facedetector" /> -->
		<delete dir="bin" />
		<delete dir="doc" />
	</target>

	<target name="javadoc">
		<echo>generate the docs via javadoc...</echo>
		<javadoc sourcepath="src" packagenames="powermobia.veutils.*,
			 	powermobia.veenginev4.*,
			 	powermobia.veenginev4.audioframe.*,
			 	powermobia.veenginev4.basicstruct.*,
			 	powermobia.veenginev4.constant.*,
			 	powermobia.veenginev4.clip.*,
			 	powermobia.veenginev4.mediasrc.*,
			 	powermobia.veenginev4.scene.*,
			 	powermobia.veenginev4.session.*,
			 	powermobia.veenginev4.stream.*,
			 	powermobia.veenginev4.template.*,
			 	powermobia.veenginev4.thumbnail.*,
			 	powermobia.veenginev4.veutils.*" 
				destdir="${basedir}/../../../adk/lib/android/arm/doc" 
				author="true" 
				version="true" 
				use="true" 
				Public="true" 
				Locale="en_US" 
				Encoding="UTF-8" 
				docencoding="UTF-8">
		</javadoc>
	</target>

</project>